topic,sentiment_mean,sentiment_std,subjectivity_mean,subjectivity_std,counting
Causes,2.550049014993997,1.0,-0.44665448263227747,1.0,1.0
Hazard,-0.07825356568128522,0.9625302923766937,0.2170810420386554,1.1407610409347264,66.0
Impacts,0.8856977882249272,1.2583827292787457,-0.4297298347482127,0.04665495438492669,10.0
