topic,sentiment_mean,sentiment_std,subjectivity_mean,subjectivity_std,counting
Causes,0.3499522239028615,0.699063016716276,-0.019512054268704233,0.8689333145642726,25.0
Hazard,0.07718379864802839,0.9191250940890447,0.24535736514885448,1.0635670569980311,86.0
Impacts,0.32564265157133904,1.6593013083374677,-0.4827560617446827,0.08784202730424341,4.0
