week,sentiment_mean,sentiment_std,subjectivity_mean,subjectivity_std,counting
2025-38,0.38446649079157175,0.7691696500358884,-0.5157595834327215,0.15185069885918392,5.0
2025-39,-0.030795581092426156,0.9917606642869238,-0.46137675072175116,0.2918966703720975,15.0
2025-40,0.3186113551474195,0.9132348045048868,1.1105972705206346,1.1006211228276352,12.0
2025-41,-0.16872089648099467,0.40640380133516824,-0.08944271909999159,0.4769696007084729,5.0
2025-42,-0.5115395572543909,1.2906285246533624,0.38629036748473955,0.4537029232889946,3.0
2025-43,-0.18367409316280367,0.8176896315084347,0.03751040902060261,0.9155723668619582,21.0
2025-44,0.08737890188821187,0.8288622422127554,-0.16307919910083782,0.8086697054251556,11.0
