week,sentiment_mean,sentiment_std,subjectivity_mean,subjectivity_std,counting
2025-38,0.36012014297821077,0.32282861287127335,-0.33748212640929226,0.3297403626602502,5.0
2025-39,-0.1842842544810484,0.9171938527919722,-0.45495847322067196,0.33150095864815876,15.0
2025-40,0.3448855081110528,0.8300774329971767,0.8174487449624316,1.024794841819916,11.0
2025-41,-0.41627919384719625,0.5992283240674817,0.0,0.6123724356957946,4.0
2025-42,-0.7916780126243719,0.7309836106182681,0.11507420118577198,0.28301515203130884,3.0
2025-43,0.20097682307404444,0.19106305579687738,-0.33748212640929226,0.3297403626602502,3.0
