topic,sentiment_mean,sentiment_std,subjectivity_mean,subjectivity_std,counting
Causes,1.6254053607008416,1.082356535214083,-0.06599836170525628,0.626504488741909,2.0
Hazard,-0.02949489125714525,0.9338009832108145,0.25414202677719205,1.0637971439456002,156.0
Impacts,0.7664138222886011,1.175572010689533,-0.5590010286577188,0.11175719579830497,12.0
