keyword,sentiment_mean,sentiment_std,subjectivity_mean,subjectivity_std,counting
'Erdrutsch',0.17245008972987522,0.6859298991363886,0.2945439027951141,0.6145514025987967,7.0
'Frost',-0.35950846792814617,0.3080748297957687,-0.28867513459481287,0.408248290463863,2.0
'Permafrost',-0.5773502691896257,1.0,-0.5773502691896257,1.0,1.0
'Schnee',,1.0,-0.7071067811865475,1.0,1.0
'Steinschlag',0.23333333333333328,1.0,0.0,1.0,1.0
