topic,sentiment_mean,sentiment_std,subjectivity_mean,subjectivity_std,counting
Frühling,0.18332278449677683,0.8916884998429105,0.019247290648363478,1.0354494657310267,100.0
Herbst,0.1319575558317811,1.0442722479918551,0.06429359932050271,1.0907804698049914,574.0
Sommer,-0.07915848516974668,1.0025451950448332,-0.03963351532726852,0.9490974650779896,471.0
Winter,-0.07202283354863386,0.9188814110827933,-0.027437396598446042,0.9085773309196269,736.0
