topic,sentiment_mean,sentiment_std,subjectivity_mean,subjectivity_std,counting
Frühling,0.2334086225243788,0.9193338367289537,0.0065306168718862806,1.0659804948276126,71.0
Herbst,0.0775640165333898,1.050279959139148,0.033625941406131184,1.0419300357409675,434.0
Sommer,0.020055094070271215,0.9250611688898505,-0.04795768946339171,0.9425673565871995,384.0
Winter,-0.1326143965645744,0.9390466072856175,0.009723257826770507,0.924669022481948,400.0
