topic,sentiment_mean,sentiment_std,subjectivity_mean,subjectivity_std,counting
Adaptation,-0.22810497733846063,0.09413898668260998,-0.4444783184923154,1.0,2.0
Causes,1.71406467197024,1.2011855874789734,-0.036073416517177326,0.6111902280537669,2.0
Hazard,-0.0025929800673199273,0.9488889088395632,0.146005776757132,1.043154151807656,233.0
Impacts,0.7582185365662911,1.200577553614841,-0.3632723253749053,0.5616767055684746,13.0
