topic,sentiment_mean,sentiment_std,subjectivity_mean,subjectivity_std,counting
Adaptation,-0.22810497733846063,0.09413898668260998,-0.4444783184923154,1.0,2.0
Causes,1.6955892016966343,1.1750573268468192,-0.04194765021392541,0.6194976490162571,2.0
Hazard,-0.00888583923794875,0.9485480628790167,0.15861324046502354,1.0451614055405505,221.0
Impacts,0.7329184845711947,1.1969409879673896,-0.3739766079497826,0.5651311355293438,13.0
