topic,sentiment_mean,sentiment_std,subjectivity_mean,subjectivity_std,counting
Gefahr,0.06756024879665522,0.9239075883813983,0.10853840078497677,0.8988036065868419,27.0
Grund,-0.22826866550711417,0.5244335233206968,-0.1767766952966369,0.2041241452319315,5.0
