topic,sentiment_mean,sentiment_std,subjectivity_mean,subjectivity_std,counting
Gefahr,0.18114769595894067,0.6265881639906641,0.25772591494572483,0.5784155890332099,8.0
Grund,-0.4321224016819727,0.25154204519813633,-0.46545182989144973,0.3162725843685424,4.0
