topic,sentiment_mean,sentiment_std,subjectivity_mean,subjectivity_std,counting
Frühling,0.20907196305879414,0.9160252222037457,0.022705382493671128,1.040998944880656,70.0
Herbst,0.06120465052953678,1.0430108038255028,0.0324568442688401,1.0372894723247243,413.0
Sommer,0.023373134052366684,0.9274709393671939,-0.06451021426231829,0.9255258877903938,364.0
Winter,-0.13176384937641641,0.9379598942736649,0.027394922843601174,0.935646438123661,331.0
