topic,sentiment_mean,sentiment_std,subjectivity_mean,subjectivity_std,counting
Gefahr,0.037660826941720994,0.9060262883402561,0.062120076461008804,0.888046229820455,25.0
Grund,-0.17915206735430247,0.5138419448704,-0.11614271026777408,0.5900906829534112,10.0
