topic,sentiment_mean,sentiment_std,subjectivity_mean,subjectivity_std,counting
Adaptation,-0.29467129319576424,1.0,,1.0,1.0
Causes,1.6932719603911726,1.1783344009282946,-0.05149571401724298,0.6059946476912017,2.0
Hazard,-0.015673847727283634,0.936531663551677,0.17365440543101648,1.0502964820619918,210.0
Impacts,0.7485517208963218,1.2381334167859823,-0.5221610866274519,0.09395694901520513,12.0
