topic,sentiment_mean,sentiment_std,subjectivity_mean,subjectivity_std,counting
Causes,-0.8603174272892432,0.8348779868187934,-0.5135934363953839,0.03144654296990298,3.0
Hazard,-0.18294963923288896,0.9354903097140176,-0.022817513668255768,0.965112039065402,134.0
Impacts,0.136400853196977,0.9890604627840711,-0.504892013391218,0.0825371556209295,7.0
