topic,sentiment_mean,sentiment_std,subjectivity_mean,subjectivity_std,counting
Frühling,0.2058198817103015,0.849557216250583,0.03798031605660858,1.0815639357799607,92.0
Herbst,0.11496761937975196,1.0533683127380475,0.05606074205077818,1.0804248140657706,521.0
Sommer,-0.031465302937234964,0.9664091075582245,-0.048769993551756874,0.9381313231087528,442.0
Winter,-0.1035556154902414,0.9288687163246208,-0.01754722836161678,0.9062576214544471,584.0
