topic,sentiment_mean,sentiment_std,subjectivity_mean,subjectivity_std,counting
Frühling,0.21162717489638957,0.9214714858937285,0.0258247612594422,1.0600943374153422,73.0
Herbst,0.07733464200510345,1.053162906510673,0.037045651724254273,1.0451166503248488,475.0
Sommer,0.014645179116057755,0.9435288257093852,-0.05726563627054971,0.9177330817189467,397.0
Winter,-0.1166760047224839,0.9249685317078867,0.008474443515013756,0.9510820963636398,458.0
