topic,sentiment_mean,sentiment_std,subjectivity_mean,subjectivity_std,counting
Adaptation,-0.29467129319576424,1.0,,1.0,1.0
Causes,1.6611921510967074,1.1329666995457193,-0.0623556307030079,0.6213528891544524,2.0
Hazard,-0.027897502637524337,0.9339289511393466,0.22183524525711323,1.0555853873954504,179.0
Impacts,0.7821943266052722,1.215281703705812,-0.5544541791619811,0.10389766029245903,12.0
