topic,sentiment_mean,sentiment_std,subjectivity_mean,subjectivity_std,counting
Adaptation,-0.2826304047104603,0.0170283877989388,-0.42174116783665,1.0,2.0
Causes,1.6559022959505725,1.2724314575194755,0.0209801056151602,0.6814557850570456,2.0
Hazard,0.0015656651979627791,0.9516518368257508,0.12622913279304918,1.0343352510166395,257.0
Impacts,0.7537346239925823,1.1983444702067927,-0.35266638726585486,0.5886154564022317,13.0
