week,sentiment_mean,sentiment_std,subjectivity_mean,subjectivity_std,counting
2025-38,0.7640771001186283,0.5873148165560065,-0.48611742081816267,0.13841272228815849,5.0
2025-39,0.09360366855743757,1.0372512468982666,-0.292732064456415,0.33614561011935934,15.0
2025-40,0.34139257391290384,0.838299469280858,1.1513460930246107,1.5490781337940749,12.0
2025-41,0.17407935682475145,0.6173651058109693,0.16627637809189538,0.9138303756448809,13.0
2025-42,-0.13394491764608835,1.0912512155135439,0.4991456056744799,1.3267879472675261,12.0
2025-43,-0.2572613732024607,1.0395408933362613,0.0634121496489359,0.9720956526620448,58.0
2025-44,0.1985045230321524,0.7728462125546105,-0.21934759250703717,0.6324105327738173,46.0
2025-45,-0.027725425390904872,0.8272105738497719,-0.5723090088402476,0.08478108265170656,6.0
2025-46,-0.38686726402446536,0.5297450648094095,-0.224037914014376,0.5086289588233941,11.0
