topic,sentiment_mean,sentiment_std,subjectivity_mean,subjectivity_std,counting
Frühling,0.20324878780002317,0.8927606260526838,-0.014763438734473423,1.0162862485693673,82.0
Herbst,0.08756033636775065,1.064179456686696,0.03586371384051361,1.041266537358057,494.0
Sommer,0.00397990699217624,0.9324358929538737,-0.05326466026370563,0.9228804505209305,397.0
Winter,-0.12390034968855712,0.9199804381702357,0.011456587648523097,0.9552740624462842,459.0
