topic,sentiment_mean,sentiment_std,subjectivity_mean,subjectivity_std,counting
Adaptation,-0.27321711232987306,0.03034079355014866,-0.4714045207910317,1.0,2.0
Causes,1.6932719603911726,1.1783344009282946,-0.05149571401724298,0.6059946476912017,2.0
Hazard,-0.01048443312001716,0.9499867313312038,0.16724506638176004,1.0520124531542516,213.0
Impacts,0.7329184845711947,1.1969409879673896,-0.3739766079497826,0.5651311355293438,13.0
