topic,sentiment_mean,sentiment_std,subjectivity_mean,subjectivity_std,counting
Frühling,0.2140886198906128,0.9147555485749065,0.013866806802578633,1.0372582398362653,67.0
Herbst,0.0861283495888239,1.0312146715246695,0.027435593220635122,1.0252440195475865,383.0
Sommer,0.009691189748068678,0.9297827385442295,-0.05838943917042404,0.9280939513347435,349.0
Winter,-0.16282004900536418,0.9405312131954124,0.03319789959422928,0.9470177602203647,289.0
