topic,sentiment_mean,sentiment_std,subjectivity_mean,subjectivity_std,counting
Causes,0.13510956401835653,0.7591215856851123,0.015443890687494183,0.7805672963776523,24.0
Hazard,-0.034148028044768554,0.9386332959927554,0.023201122825749487,0.9536253110812203,123.0
Impacts,0.31003793270768687,1.4531156661137459,-0.4444685242143686,0.08707499225609677,5.0
