topic,sentiment_mean,sentiment_std,subjectivity_mean,subjectivity_std,counting
Frühling,0.20088051530446838,0.8850712648255843,0.012484715870424424,1.0167857024558786,105.0
Herbst,0.12917084442169924,1.05243138100501,0.060168571356958384,1.0964418092866468,598.0
Sommer,-0.06302673639334787,1.022013052195556,-0.043842108379179984,0.9440336895968413,479.0
Winter,-0.0764143661501402,0.910351153915994,-0.019384261396307462,0.9191835198130817,844.0
