keyword,sentiment_mean,sentiment_std,subjectivity_mean,subjectivity_std,counting
'Erdrutsch',0.5120029835639422,0.6757153700408617,0.49613431608624114,1.0456890388004718,14.0
'Felssturz',-0.4647706988099028,0.9565393704688768,-0.3844824490281692,0.34374434286976907,12.0
'Neuschnee',-0.1433251385685532,0.5702874323669426,-0.1882082421136788,0.6892776116919783,9.0
'Permafrost',-0.22826866550711417,0.5244335233206968,-0.1767766952966369,0.2041241452319315,5.0
'Steinschlag',0.23333333333333328,1.0,0.0,1.0,1.0
