week,sentiment_mean,sentiment_std,subjectivity_mean,subjectivity_std,counting
2025-38,0.1614994324966525,0.5820342392011291,-0.37258591246456013,0.3560965707839486,5.0
2025-39,-0.15178075105641925,0.850273408678511,-0.4789473680608286,0.3400807382531816,15.0
2025-40,0.34883339719752143,0.8291934336116903,0.800621727251565,0.9681585801561593,10.0
2025-41,-0.30752465969835757,0.5650944554904119,0.14942924536134225,0.7886751345948129,2.0
2025-42,-0.751356849738491,0.6612103602692551,0.09237316206589419,0.3094590085918808,3.0
