keyword,sentiment_mean,sentiment_std,subjectivity_mean,subjectivity_std,counting
'Erdrutsch',0.5522736893271961,0.677534433477476,0.508682124025539,1.044413933293328,12.0
'Felssturz',-0.4932580776430551,0.8556189755008513,-0.4228861682138736,0.35013962746330674,12.0
'Neuschnee',-0.24289211457136053,0.6035351580274576,-0.10417867833566592,0.7623039879503808,7.0
'Permafrost',-0.03042529051450033,0.21906078966840345,-0.13608276348795437,0.23570226039551587,3.0
'Steinschlag',0.23333333333333328,1.0,0.0,1.0,1.0
