topic,sentiment_mean,sentiment_std,subjectivity_mean,subjectivity_std,counting
Adaptation,-0.22810497733846063,0.09413898668260998,-0.4444783184923154,1.0,2.0
Causes,1.6768955907018641,1.242742455363303,-0.0030050437966333277,0.6475356614633422,2.0
Hazard,-0.001690496237988317,0.9510672049103055,0.1295142431808775,1.0375632180223824,249.0
Impacts,0.7537346239925823,1.1983444702067927,-0.35266638726585486,0.5886154564022317,13.0
