topic,sentiment_mean,sentiment_std,subjectivity_mean,subjectivity_std,counting
Adaptation,-0.27321711232987306,0.03034079355014866,-0.4714045207910317,1.0,2.0
Causes,1.6932719603911726,1.1783344009282946,-0.05149571401724298,0.6059946476912017,2.0
Hazard,-0.017721792365886963,0.9424013246531667,0.1686843722447527,1.0518894218750758,212.0
Impacts,0.7329184845711947,1.1969409879673898,-0.3739766079497826,0.5651311355293438,13.0
