topic,sentiment_mean,sentiment_std,subjectivity_mean,subjectivity_std,counting
Adaptation,-0.22810497733846063,0.09413898668260998,-0.4444783184923154,1.0,2.0
Causes,1.6932719603911726,1.1783344009282946,-0.05149571401724298,0.6059946476912017,2.0
Hazard,-0.009920158411985427,0.9495440207694099,0.15917969014573907,1.0460672183580195,220.0
Impacts,0.7329184845711947,1.1969409879673898,-0.3739766079497826,0.5651311355293438,13.0
