topic,sentiment_mean,sentiment_std,subjectivity_mean,subjectivity_std,counting
Causes,0.253326090846546,0.695299693520237,0.0728632062216261,0.8545121978238379,21.0
Hazard,0.07875739793777933,0.9265062513968023,0.20045260644875093,1.0608094988480627,56.0
Impacts,0.3975147653500193,1.684252742755766,-0.4346695246643666,0.09930811067123896,4.0
