topic,sentiment_mean,sentiment_std,subjectivity_mean,subjectivity_std,counting
Causes,-0.6776839564086528,0.8631802681413563,-0.38939713930331676,0.10539448210642753,3.0
Hazard,-0.04227565479349933,0.9452206212246649,0.02966356037016379,0.9686458236931992,134.0
Impacts,0.39588739786289906,1.2364768288324528,-0.43271308774804546,0.07358463603163307,7.0
