topic,sentiment_mean,sentiment_std,subjectivity_mean,subjectivity_std,counting
Frühling,0.19330979953002758,0.9173682450153835,-0.01031287695336829,1.0237105194966662,70.0
Herbst,0.07906963503437092,1.0316961287822415,0.02630614058017154,1.027470803595381,397.0
Sommer,0.013623415859133675,0.9340199309058871,-0.058376408937153026,0.9325054636392844,353.0
Winter,-0.15062452689192846,0.9406894466434277,0.03747116830351903,0.9437508057889652,305.0
