topic,sentiment_mean,sentiment_std,subjectivity_mean,subjectivity_std,counting
Frühling,0.1799572058277267,0.8790895384894303,-0.005994439967428264,1.0181636518172203,107.0
Herbst,0.12942310111984573,1.0506009904243228,0.06243649944183509,1.1000275330507503,599.0
Sommer,-0.06701647569103306,1.0150947993046073,-0.030074035897889137,0.9594889959200655,493.0
Winter,-0.06741260744539296,0.9222688381707582,-0.024767894143330253,0.9126112176103535,891.0
