week,sentiment_mean,sentiment_std,subjectivity_mean,subjectivity_std,counting
2025-39,,1.0,-0.7071067811865475,1.0,1.0
2025-40,0.26800564528543075,0.638563328472379,0.22578342306320853,0.6430341217311093,6.0
2025-41,-0.4321224016819727,0.25154204519813633,-0.111898439298176,0.6100769415402171,4.0
2025-42,-0.33999999999999997,1.0,0.0,1.0,1.0
