topic,sentiment_mean,sentiment_std,subjectivity_mean,subjectivity_std,counting
Frühling,0.2342593484219771,0.9243875087859517,0.014597635054297517,1.0658075324979381,71.0
Herbst,0.06883010154229854,1.0530832107754449,0.03630903128723043,1.0342796550880646,450.0
Sommer,0.020288913881054096,0.9428635925352389,-0.05982812982653726,0.9216520425506932,397.0
Winter,-0.11299428587588616,0.9276407137288873,0.01543873212677294,0.9608966921487184,452.0
