week,sentiment_mean,sentiment_std,subjectivity_mean,subjectivity_std,counting
2025-38,0.7647408094326978,0.6184906798205039,-0.4503891473446954,0.09588106344658909,5.0
2025-39,0.07830815357164322,1.04018929257392,-0.28037922722311,0.3178743432723516,15.0
2025-40,0.2312408923965251,0.8739689192016846,1.222638174761864,1.664479534325545,12.0
2025-41,0.09023558388342351,0.5593762253449202,0.01669783265042887,0.7506525157855137,12.0
2025-42,-0.18485008009779122,1.0670644170166463,0.5313371522909194,1.114554190954955,11.0
2025-43,-0.2832458172475126,1.008573949429685,0.01498078018415809,0.8919637965989421,56.0
2025-44,0.18431046408759647,0.7410602344054609,-0.22104485237614813,0.6505828228565966,46.0
2025-45,0.14811447486902962,0.8262103638238069,-0.6034592801201623,0.08976136896226423,4.0
