topic,sentiment_mean,sentiment_std,subjectivity_mean,subjectivity_std,counting
Causes,2.550049014993997,1.0,-0.44665448263227747,1.0,1.0
Hazard,-0.07991424182800667,0.9218096948684507,0.23206326398175484,1.1432888383357374,64.0
Impacts,0.8931620905788282,1.2813834419466514,-0.436535093147398,0.05168292205052197,10.0
