topic,sentiment_mean,sentiment_std,subjectivity_mean,subjectivity_std,counting
Causes,1.619088830548833,1.0734236126059735,-0.06872991314916174,0.6303674858401999,2.0
Hazard,-0.02961657679055255,0.9375093529767492,0.26002698166614235,1.074099691978017,151.0
Impacts,0.7654914671152513,1.1737675081566346,-0.5608220629536559,0.11089751728915091,12.0
