topic,sentiment_mean,sentiment_std,subjectivity_mean,subjectivity_std,counting
Frühling,0.19357298695344352,0.8844003640148796,0.017477246337282513,1.0293309297735382,104.0
Herbst,0.1356865422269449,1.0453648004741163,0.07096310741404828,1.0984635444540394,579.0
Sommer,-0.07075689417119901,1.0089896218186951,-0.039017993019723585,0.953996976075866,479.0
Winter,-0.0792287984861755,0.9175117346667853,-0.03165880456323641,0.9027348389458625,772.0
