topic,sentiment_mean,sentiment_std,subjectivity_mean,subjectivity_std,counting
Frühling,0.19346073571407255,0.8805846416222941,0.016525362873804232,1.069383466619378,97.0
Herbst,0.12136257902295321,1.049175610729109,0.053674717067795384,1.081846032334872,543.0
Sommer,-0.049945312921334854,0.9769952801747923,-0.04346093694049373,0.9484289771350077,453.0
Winter,-0.09175974418066261,0.9250980724468945,-0.01639859716353429,0.9044490891675877,629.0
