topic,sentiment_mean,sentiment_std,subjectivity_mean,subjectivity_std,counting
Frühling,0.20528040152796773,0.8738670430255522,0.01400760090827203,1.0665304142062735,89.0
Herbst,0.10320752263781795,1.044299835344559,0.048397523871146444,1.0587109314226428,513.0
Sommer,-0.023655902877418946,0.9651706050437253,-0.05283094090097895,0.9262795149316625,406.0
Winter,-0.10937827966918345,0.9280473347101937,-0.00734646771961266,0.9310587678428323,524.0
