topic,sentiment_mean,sentiment_std,subjectivity_mean,subjectivity_std,counting
Adaptation,-0.29467129319576424,1.0,,1.0,1.0
Causes,1.6916034030667524,1.1759747045305025,-0.0535545729735355,0.6089063139502039,2.0
Hazard,-0.017115621150213763,0.9372597169414963,0.18140909380127057,1.0548731201251416,205.0
Impacts,0.7447852541006105,1.2300643861030778,-0.5250080499502566,0.0952709114033069,12.0
