topic,sentiment_mean,sentiment_std,subjectivity_mean,subjectivity_std,counting
Causes,-0.6795034030943864,0.8693021386824106,-0.3989180564393428,0.10532385795091091,3.0
Hazard,-0.042113589553691703,0.9436295620749225,0.03368443698894085,0.9664079264596165,126.0
Impacts,0.37103282233231233,1.2200862699785933,-0.4465662940829371,0.06938428402157958,7.0
