week,sentiment_mean,sentiment_std,subjectivity_mean,subjectivity_std,counting
2025-38,0.743268447445022,0.5794222935374036,-0.47830055402459404,0.11753090866541305,5.0
2025-39,0.07677039053298114,1.0180733426683093,-0.2967584918212779,0.3292455827174489,15.0
2025-40,0.2396332519698943,0.8760891439200414,1.0719607656058696,1.5248735111857168,12.0
2025-41,0.1554712815765595,0.6036582181359156,0.16200910651850703,0.9008305134785115,13.0
2025-42,-0.18446327901442397,1.040978432122306,0.41892891557536566,1.2093230260269217,12.0
2025-43,-0.2842671618611467,1.0206005803670735,0.04273054917117686,0.9465525861720966,58.0
2025-44,0.17493612881744564,0.7502320558621904,-0.23505159494823835,0.6201920333336254,46.0
2025-45,0.1842071395659861,0.7200563007099063,-0.5710486937529031,0.09784266284873593,5.0
