topic,sentiment_mean,sentiment_std,subjectivity_mean,subjectivity_std,counting
Adaptation,-0.22810497733846063,0.09413898668260998,-0.4444783184923154,1.0,2.0
Causes,1.6768955907018641,1.242742455363303,-0.0030050437966333277,0.6475356614633422,2.0
Hazard,-0.0018098449707526741,0.9522404946337073,0.1376430898421046,1.0398900544772722,239.0
Impacts,0.7410095141018338,1.2064882284536103,-0.3519412440024984,0.5877676432372391,13.0
