domain,sentiment_mean,sentiment_std,subjectivity_mean,subjectivity_std,counting
www.zeit.de,0.04666666666666666,0.0808290376865476,0.13333333333333333,0.23094010767585033,3.0
www.stern.de,0.0,0.1979898987322333,0.30000000000000004,0.1414213562373095,2.0
www.tagesschau.de,0.0,0.0,0.25,0.3535533905932738,2.0
www.diepresse.com,0.0,1.0,0.0,1.0,1.0
www.faz.net,0.0,1.0,0.0,1.0,1.0
www.morgenpost.de,0.0,1.0,0.0,1.0,1.0
www.nzz.ch,0.0,1.0,0.0,1.0,1.0
www.tagesspiegel.de,0.0,1.0,0.0,1.0,1.0
