topic,sentiment_mean,sentiment_std,subjectivity_mean,subjectivity_std,counting
Frühling,0.1866304385386783,0.8880095758113017,0.010923283427595428,1.0296585111232155,98.0
Herbst,0.1129356395704023,1.0448642506210737,0.06089755521812929,1.0901646361706414,563.0
Sommer,-0.04882483867620319,0.9819437677935224,-0.04399679947264663,0.9423567637330574,455.0
Winter,-0.08168484701870814,0.9307407046994295,-0.022294248159423734,0.9095691855667741,684.0
