topic,sentiment_mean,sentiment_std,subjectivity_mean,subjectivity_std,counting
Adaptation,-0.22810497733846063,0.09413898668260998,-0.4444783184923154,1.0,2.0
Causes,1.6973363250847469,1.1775281324374272,-0.03994058845989176,0.6166592350631824,2.0
Hazard,-0.008018877490579895,0.9491404791623061,0.15286858531553807,1.044835428012937,228.0
Impacts,0.7553822959962607,1.194435430405045,-0.36689238855931616,0.5624367198036377,13.0
