topic,sentiment_mean,sentiment_std,subjectivity_mean,subjectivity_std,counting
Causes,0.06977717014629897,0.6503187690420842,-0.3102378596455088,0.2729523118258724,8.0
Hazard,0.01528922802700862,0.9430172175482451,0.07181178602706588,0.9269070783563234,54.0
Impacts,-0.1579146215770046,1.0,,1.0,1.0
