week,sentiment_mean,sentiment_std,subjectivity_mean,subjectivity_std,counting
2025-38,0.75135303887576,0.5738739844434865,-0.47449218717018365,0.12083138451336041,5.0
2025-39,0.08771900596334105,1.0273203357381013,-0.2888569865737553,0.33184029628550077,15.0
2025-40,0.34139257391290384,0.838299469280858,1.1513460930246107,1.5490781337940749,12.0
2025-41,0.17064213327906466,0.6099545993658867,0.16559963871118452,0.8985591922208229,13.0
2025-42,-0.1826147443942702,1.063355250342145,0.4597674150756828,1.2360122249897536,12.0
2025-43,-0.25117609371071997,1.0332502138155872,0.07467212638915534,0.9698059857822042,58.0
2025-44,0.2003944058698077,0.7709629320807836,-0.21438400990221482,0.6345892955161788,46.0
2025-45,-0.027725425390904872,0.8272105738497719,-0.5723090088402476,0.08478108265170656,6.0
2025-46,-0.5211631409225224,0.5188323577153543,-0.46969968948344815,0.12098714559151043,7.0
