keyword,sentiment_mean,sentiment_std,subjectivity_mean,subjectivity_std,counting
'Erdrutsch',0.42914722857091414,0.8873934016810742,0.5153450480718962,1.1614842530445446,17.0
'Felsbrocken',0.2,1.0,0.0,1.0,1.0
'Felssturz',-0.27659030658630973,1.1442603515995777,-0.34048222090985225,0.40405003111259424,12.0
'Lawine Tod',-0.1579146215770046,1.0,,1.0,1.0
'Lawine',-0.15761216181263746,0.8574318581657078,-0.0020588164018193016,0.9567171862166343,22.0
'Massenbewegung',-0.11666666666666665,1.0,0.16666666666666666,1.0,1.0
'Neuschnee',-0.13515524928089384,0.6024207751408438,-0.15282597196116177,0.8546017121885999,9.0
'Permafrost',0.06977717014629897,0.6503187690420842,-0.3102378596455088,0.2729523118258724,8.0
'Steinschlag',0.23333333333333328,1.0,0.0,1.0,1.0
